tiger_id,timestamp,station_id,lat,lon,confidence
85,2026-06-27T11:30:00,S04,21.69595,79.25393,0.91
85,2026-07-06T16:30:00,S01,21.6603,79.2351,0.91
85,2026-06-20T01:30:00,S02,21.68057,79.23692,0.91
85,2026-07-07T20:30:00,S03,21.698,79.26222,0.91
85,2026-06-16T19:30:00,S04,21.66191,79.2328,0.91
85,2026-06-27T03:30:00,S03,21.70089,79.24914,0.91
85,2026-06-17T10:30:00,S02,21.66158,79.22847,0.91
85,2026-06-22T04:30:00,S03,21.69648,79.25556,0.91
85,2026-07-11T23:30:00,S04,21.6959,79.2393,0.91
85,2026-06-23T19:30:00,S03,21.69323,79.26595,0.91
85,2026-06-21T09:30:00,S02,21.67201,79.23282,0.91
85,2026-06-26T07:30:00,S03,21.68589,79.27143,0.91
85,2026-06-14T10:30:00,S03,21.68097,79.24063,0.91
85,2026-06-18T05:30:00,S03,21.68584,79.25642,0.91
85,2026-07-01T22:30:00,S03,21.71809,79.26759,0.91
85,2026-07-07T10:30:00,S04,21.6516,79.25218,0.91
85,2026-07-09T22:30:00,S03,21.70244,79.27419,0.91
85,2026-06-20T12:30:00,S03,21.66597,79.26204,0.91
85,2026-07-07T02:30:00,S01,21.67823,79.25154,0.91
85,2026-06-17T03:30:00,S04,21.69079,79.26044,0.91
85,2026-06-25T04:30:00,S04,21.66895,79.26756,0.91
85,2026-06-27T22:30:00,S01,21.71697,79.24574,0.91
85,2026-06-22T07:30:00,S03,21.71065,79.27592,0.91
85,2026-06-19T10:30:00,S02,21.67804,79.26427,0.91
85,2026-07-30T06:30:00,S03,21.71704,79.2418,0.93
85,2026-07-28T01:30:00,S03,21.67762,79.2516,0.93
85,2026-07-23T14:30:00,S02,21.67807,79.24564,0.93
85,2026-07-26T14:30:00,S04,21.70441,79.24044,0.93
85,2026-08-13T03:30:00,S03,21.71536,79.23655,0.93
85,2026-08-06T05:30:00,S01,21.6865,79.27455,0.93
85,2026-08-10T07:30:00,S02,21.67918,79.25258,0.93
172,2026-07-09T09:30:00,S03,21.60646,79.41967,0.91
172,2026-06-27T11:30:00,S02,21.61909,79.42233,0.91
172,2026-06-21T21:30:00,S03,21.60738,79.43437,0.91
172,2026-06-29T14:30:00,S01,21.61693,79.42033,0.91
172,2026-07-04T06:30:00,S02,21.61902,79.40738,0.91
172,2026-07-14T04:30:00,S01,21.62939,79.40833,0.91
172,2026-06-16T05:30:00,S02,21.63603,79.40919,0.91
172,2026-07-05T09:30:00,S04,21.60663,79.41793,0.91
172,2026-07-06T15:30:00,S01,21.63575,79.40254,0.91
172,2026-06-22T17:30:00,S01,21.61877,79.4329,0.91
172,2026-06-22T10:30:00,S04,21.64018,79.41454,0.91
172,2026-06-20T20:30:00,S02,21.63418,79.40576,0.91
172,2026-07-07T13:30:00,S03,21.61152,79.42258,0.91
172,2026-06-29T23:30:00,S01,21.63673,79.40951,0.91
172,2026-07-12T10:30:00,S01,21.66889,79.41532,0.91
172,2026-06-14T23:30:00,S02,21.64267,79.43676,0.91
172,2026-06-16T18:30:00,S01,21.64092,79.40814,0.91
172,2026-07-01T22:30:00,S03,21.66232,79.39884,0.91
172,2026-06-30T08:30:00,S04,21.69393,79.39696,0.91
172,2026-07-10T00:30:00,S01,21.61611,79.46922,0.91
172,2026-06-20T20:30:00,S02,21.65578,79.42543,0.91
172,2026-07-12T14:30:00,S01,21.64233,79.42209,0.91
172,2026-06-22T23:30:00,S02,21.59233,79.44439,0.91
172,2026-06-25T11:30:00,S03,21.63914,79.41768,0.91
172,2026-08-05T00:30:00,S03,21.62288,79.39929,0.93
172,2026-08-01T02:30:00,S03,21.62329,79.39963,0.93
172,2026-07-20T04:30:00,S01,21.65877,79.41724,0.93
172,2026-08-10T13:30:00,S03,21.63477,79.43179,0.93
172,2026-08-10T23:30:00,S03,21.62328,79.42463,0.93
172,2026-07-24T10:30:00,S03,21.60226,79.40978,0.93
172,2026-07-23T03:30:00,S01,21.64107,79.41121,0.93
252,2026-06-16T03:30:00,S03,21.61063,79.32156,0.91
252,2026-06-25T00:30:00,S03,21.60916,79.32039,0.91
252,2026-06-27T15:30:00,S01,21.61079,79.36176,0.91
252,2026-07-11T10:30:00,S01,21.60135,79.3354,0.91
252,2026-07-04T02:30:00,S04,21.60414,79.3214,0.91
252,2026-06-26T08:30:00,S01,21.60931,79.33089,0.91
252,2026-06-15T08:30:00,S03,21.62497,79.31964,0.91
252,2026-06-25T13:30:00,S03,21.61522,79.33609,0.91
252,2026-07-03T05:30:00,S02,21.61847,79.32408,0.91
252,2026-06-23T03:30:00,S04,21.6005,79.34481,0.91
252,2026-06-24T07:30:00,S02,21.62858,79.35766,0.91
252,2026-06-19T01:30:00,S03,21.61323,79.32779,0.91
252,2026-06-18T17:30:00,S02,21.6197,79.30251,0.91
252,2026-07-06T01:30:00,S01,21.6125,79.32324,0.91
252,2026-06-16T15:30:00,S04,21.61529,79.35637,0.91
252,2026-07-02T21:30:00,S02,21.62274,79.30341,0.91
252,2026-07-13T09:30:00,S01,21.61522,79.34215,0.91
252,2026-06-19T22:30:00,S03,21.60143,79.34396,0.91
252,2026-07-14T03:30:00,S03,21.61853,79.32211,0.91
252,2026-07-13T03:30:00,S03,21.60078,79.32237,0.91
252,2026-06-30T11:30:00,S02,21.61767,79.32929,0.91
252,2026-07-06T05:30:00,S02,21.6108,79.32918,0.91
252,2026-07-02T17:30:00,S03,21.62907,79.33914,0.91
252,2026-06-24T20:30:00,S03,21.60739,79.32358,0.91
252,2026-07-27T21:30:00,S03,21.60501,79.39081,0.93
252,2026-07-27T02:30:00,S04,21.61814,79.42208,0.93
252,2026-07-22T07:30:00,S03,21.62631,79.39048,0.93
252,2026-07-31T13:30:00,S02,21.61678,79.3913,0.93
252,2026-07-30T12:30:00,S04,21.60166,79.39404,0.93
252,2026-07-29T09:30:00,S02,21.61446,79.41803,0.93
252,2026-07-23T04:30:00,S03,21.6068,79.42298,0.9385,2026-08-14T06:30:00,S01,21.6853,79.252,1.0
172,2026-08-14T06:30:00,S01,21.6853,79.252,0.998
252,2026-08-14T06:30:00,S03,21.611,79.33,0.881
